1,哈喽小伙伴们我是你们可爱的小编说起对后印象最深的一部剧那铠甲勇士肯定是榜上有名的毕竟很多人都是看着这部剧长大的而对于剧中的人物更是非常的熟悉自开播到现在铠甲勇士已经过去年那么曾经的主演们现在都怎么样了呢
0,记住可不是回答门理解错就尴尬了我们都知道开门用关门是但是英语就是如此多变可以根据语境产生不同的用法我们最常用的就是但是只有下面这些情况下才比较适用哦多用于正式或庄重的文体中关闭铁路公交等交通渠道或是安全提示
0,注意租房合同中一个重要条款无效了法眼德国专注德国法律德国最早法律平台德国生活必备
0,泰州一岁老人竟然倒死在偏僻地原因成谜月日中午时分在高港区口岸街道田河社区振兴北路有人发现一名老人家倒在东侧院墙内的水洼处被发现时已经死亡据现场围观群众称老人家今年八十六岁男性腿脚不便走路靠一辆轮椅车借力且听力不行失聪与人交流时需要借助纸笔平日里喜欢一个人闲逛从昨晚走失后家里人就一直在寻找哪料今天上午被人发现死在了这个水洼处现场看到老人死亡的地方是在路的东侧后面
1,陈佩斯朱时茂回归春晚了点击小程序快速购票
1,亲子共读论语感受国学魅力学而时习之不亦说乎月日县图书馆文化驿站的四十多名家长和孩子们在文礼书院净小芳老师的带领下诵读论语在朗朗读书声中仿佛来到了古代去汲取孔子的智慧
1,王夫人为何会选配不上宝玉的薛宝钗做儿媳妇六点原因是关键红楼梦中宝黛姻缘和金玉良缘一直并立存在贾母接林黛玉进贾家抚养初心疼爱外孙女却未尝没有亲上加亲的考虑可王夫人接薛宝钗进贾府又有促成金玉良姻对抗宝黛姻缘的意思那么王夫人为什么坚持让儿子娶一个商人的女儿薛宝钗为何能让王夫人喜欢其中原因还真是用心良苦
0,花了万买的新房准备装修却发现自己进不去自家房子了浙江宁波的刘女士花了万买的新房在准备装修的时候却发现自己竟然打不开自家的门了图片源于网络如涉及侵权请及时联系作者删除刘女士在去年在宁波某小区花
1,春节慰问请暖人心区领导来我办开展走访慰问活动春节慰问情暖人心民生无小事枝叶总关情月日上午区党工委副书记毕吉宁区党工委委员管委会副主任张海民区党工委委员管委会副主任董凤家区人武部部长赵秀民一行来我办开展走访慰问活动区相关
0,嗑两把瓜子等于喝毫升酱油你的肾还好吗过年免不了走家串户喝茶唠嗑儿如果应付熊亲戚和熊孩子让你着急上火不如冷静下来泡一壶茶趁热泼向对方这种事是绝对不可以做的不如塞她一把瓜子边嗑边问阿姨您儿子月薪有万吗买房了吗娶媳妇了吗还是天天打游戏啥也不干吗
1,如何做出能够晃倒上帝的山姆高德洛克公园是美国乃至世界的篮球圣地很多篮球明星都在这里留下过佳话其中也不乏艾弗森卡特科比阿泰这样的球员有些街球手他们在这里的地位甚至比球员更高阿尔斯通更是被称为街球王
0,来自奔驰刹车系统说明书请注意查收每年都有大量安全事故由汽车制动系统配件引起我们深知关键时刻的毫厘之差对生命安全的影响深远这正是梅赛德斯奔驰打造卓越原厂制动系统配件的动力和责任那么原厂制动系统配件的品质到底优越在哪里
0,通知中保职业培训学校二月份开课时间表中保中医中医技能培训学校
0,最高补助万元年度博物馆之城建设专项资金申报开始啦年度博物馆之城建设专项资金开始申报啦年佛山出台佛山市博物馆之城建设专项资金管理办法设立专项资金推动博物馆之城建设鼓励社会力
0,两车发生碰撞驾驶员竟一直打电话没功夫理交警在鸿胜警官日常处理交通事故的时候发现不少驾驶员在民警赶到现场后不但不抓紧处理事故竟然还拿着手机打个不停这样做既拖延民警对事故处理的时间又导致了道路交通的堵塞容易引发
0,开启逛花街模式这份攻略囊括清城清新英德佛冈连南阳山花街信息快收藏北有庙会南有花市对于咱们清远人来说每年春节临
0,昆明少年儿童图书馆开展节前安全生产大检查年月日下午昆明少年儿童图书馆开展节前安全生产大检查以切实保障春节期间馆内安全稳定坚决防范杜绝各类安全责任事故发生昆明少年儿童图书馆陆艳姬馆长李金胜书记黄琦副馆长及馆内相关人员图书馆大楼物管公司相关人员参加了
0,垦利区图书馆春节开馆时间安排拜个早年根据国务院规定年春节放假安排年月日至月日除夕至正月初六节假日期间垦利区图书馆开馆时间安排如下注年月日至
0,股民常犯的十种错误上更多财经知识和干货分享请点击关注错误一认为经验不重要初入股市的人经常认为投资拼的是智商谁聪明谁就能赚钱资本市场
0,政策利好再加码看高贸区如何巧借东风扬好帆近日国务院印发关于促进综合保税区高水平开放高质量发展的若干意见其中强化企业市场主体地位促进研发创新优化信用管理简化进出区管理开展检测维修创新监管模式等新政预计将为园区综保区企业带来较明显利好为贯彻落实党中央国务院关于推动形成全面开放新格局的决策部署实行高水平的贸易和投资自
0,梅林街道年月份社区活动清单来啦新的一年开始啦咱街道又给朋友们准备了一大波精彩的惠民活动来看看二月份都有哪些活动吧翰岭社区梅都社区梅丰社区梅亭社区上梅社区新阁社区孖岭社区这么多精彩的活动赶紧到各社区报名吧没看到自己社区活动的小伙伴别着急
0,大年初一必须知道的条禁忌要过年了快看看吧春节是我国最重要的节日如今春节还是年复一年的过可是一些传统习俗却被日渐淡忘是不是越来越有一种感受吃住越来越好过年却总觉得少了点什么今天就带大家拾起一些年味儿大年初一的禁忌很多人都不知道已出嫁的女儿不可以回娘
0,谍照耐克新款乔丹系列高尔夫鞋耐克新款乔丹系列高尔夫球鞋的一组照片于正式上市前通过非官方途径在网络曝光从外形上看仍然延续了其亮眼的风格
0,股爆雷之夜亏损亿成起步价巨亏王是它天神成雷神舵手金融专注金融与衍生品过了昨晚股地雷基本就全炸完了因为根据沪深交易所规则月日是年报业绩变动超的上市公司发布预告的截止日期
0,过年我们不一样含山老凤祥年终钜惠引爆全城一年一度的年终大酬宾开始了俨然成为一场没有硝烟的大战眼花缭乱的产品和跨破门槛的人山人海到底是什么促使了你们如此疯狂的举动当然是优惠划算豪礼跨越三个世纪的经典
0,年客户行为预测作者来源翻译自互联网消费者行为一直是品牌如何调整营销策略的一个重要因素每年市场营销人员都会研究这些趋势试图了解它们如何影响目标受众的偏好这样他们就知道如何定位自己的产品或服务以获得更高的收入
0,逛小吃街观恐龙展看社火表演各族群众在昌吉小吃街年货节上购年货准备红红火火过新年肖颖摄昌吉小吃街是品美食购年货的好去处昌吉恐龙博物馆是新疆唯一的恐龙主题博物馆也是新疆首家古生物博物馆昌吉的
0,高唐官道街某饭店半夜起火消防队员紧急扑救本地头条年月日时分高唐大队指挥中心接到报警称高唐县官道街天鑫菜馆饭店起火人和中队立即出动车雷诺高喷人赶赴现场处置
0,佛山醒狮有望亮相央视春晚上高桩表演惊险绝技在佛山无醒狮不春节今年佛山醒狮有望再度登上春晚在全国人民面前展现佛山传统文化魅力年央视春晚广东分会场佛山狮队零点上台表演
0,仅仅穿了一条休闲连衣裙竟美得这般清新脱俗
0,搞笑这个小时候你们一定也玩过吧热乎乎的牛粪哈哈其实当你点进来时你已经输给小编了小编肯定有某种神奇的魔力把你勾引了进来请给小编一个继续勾引你的机会麻烦你点点关注和评论小编也会记在心里呢这个小时候你们一定也玩过吧热乎乎的牛粪哈哈这交通环境连狗都烦躁
0,家里个月水费万罪魁祸首很隐蔽你还每天都在用四川达州一对勤俭节约的老夫妻最近发现自己家个月居然用了吨水折算下来欠下万千元的天价水费查了半天
0,小靴子童星俱乐部首出国门领略东南亚异域风情本次交流团到达拉曼大学由中华儿童文化艺术促进会中国科协苏州海外人才离岸创新创业联盟指导苏州产学研协同创新联盟苏州青少年校外教育指导中心主办的科技筑梦文化交融
0,谷歌奖学金谷歌员工新福利利用带薪休假为非营利组织工作长期以来谷歌的非营利部门一直承诺将公司总股本和利润的捐赠给慈善机构基于其在年月做出的亿美元承诺该公司专注于教育经济机会等范围广泛的事业一些接受资助的组织恰好也因此使网络世界对用户来说变
0,已在全省叫响再争全国最优钟祥冲刺全国四好农村路示范县年我市成功获得湖北省首届四好农村路示范县称号年钟祥不忘初心继续奋进通过创新思路建机制强化措施保投入持续建路网做安防保通畅重管养
0,被捧上天的七种保健品隆回人过年别再买给爸妈了
0,注意这种欠交水费情况将纳入人民银行征信系统聊城快讯一个和你一样关注聊城的微信公号月日记者从市长热线获悉年年底聊城水务集团与中国人民银行聊城市中心支行签订了征信系统合作协议正式将用水客户的交费信用信息纳入中国人民银行征信系统用水客户拖欠水费信息将与金融系统共享进一步加强对部分欠交水费行为的制约和监督根据规定每季度首月日
0,无轴泵推技术有啥特点国产型核潜艇技术能否领先全球全靠它中国在军事技术领域强调是装备一代研发一代预研一代的原则在年中国海军公开展示了自己的型核攻击潜艇那么按照于这个规律那么型核潜艇实际上已经呼之欲出了当我们谈及型的技术时那么最关注的可能就是中国潜艇即将安装一款先进技术无轴泵推技术
0,双江法院云岭先锋助推网上党支部建设为切实提高全体党员安装推广使用云岭先锋手机充分发挥党支部的主体作用适应当前党员工作生活信息化网络化形势年月日晚双江法院邀请县委组织部机关工委相关工作人员到院对云岭先锋手机的安装使用进行培训
0,赵薇被拍深夜会友桌上向神秘男友人索吻同行互相搂抱十分亲密在前几日的时候有网友拍到了赵薇与朋友聚餐他戴着一顶绿色的毛绒帽没有化妆整体状态看上去很好这应该只是朋友之间的普通聚会所以她的老公黄有龙并没有出席赵薇的心情看上去似乎很好因为她一直在笑和赵薇一起参加聚会的还有一位中年男性
0,干货指挥员必会的种战场测距土办法在生活中也非常实用创作不易呀评论两句和加个关注吧在那个激情燃烧的岁月里我军战士往往能够在兵力和装备居于劣势的情势下以少胜多以弱克强战胜顽敌这不仅需要一不怕苦二不怕死的牺牲精神更需要成熟的作战技巧与高超的战术素养
0,乳糖不耐受可以喝牛奶吃奶酪吗乳糖不耐受患者在食用乳制品后会出现腹胀腹痛等症状但是这并不意味着他们不能吃任何乳类食品大部分的乳糖不耐者不要空腹喝牛奶且一次仅可食用克乳糖相当于一杯牛奶但如果很久不喝奶为安全起见应该从少量开始一次毫升
0,上周末综艺收视率公布万万没有想到湖南卫视这档常规节目夺冠大家好欢迎收看我的文章我是小编小甜甜世界之大无奇不有每天都有很多有趣的事情发生小甜甜每天都会整理分享最新最有趣的故事希望大家喜欢现在我们来看看下面发生的精彩故事这次排名第一的就是湖南卫视的快乐大本营收视率为
0,央视关注她虽无法站立但在精神上却顶天立地央视网消息关键词重新站起来据社会与法频道道德观察报道游林冰年轻貌美家庭和睦事业有成本打算去日本留学学习更多管理知识的她突遭横祸一场车祸夺去了丈夫的生命自己也被高位截肢原本对生活失去信心的她通过一次偶然的转卖生意渐渐重新站了起来
0,西充县检察院为留守儿童送上微法治课与节日慰问更多精彩推荐请关注我们
0,土耳其这下难堪了库尔德民众冲入军营枪声不断坦克步战车被缴近日据媒体报道位于伊拉克北部杜胡克省的一处土耳其基地遭到了库尔德民众的冲击据悉冲击导致了十人受伤一人死亡而土耳其方面的损失也非常惨重两辆坦克装甲车被库尔德人控制另有军车被摧毁按照知情人士的透露以及现场照片的流出基本上可以证明一
0,央视最美主持欧阳夏丹从小家庭条件艰苦岁瘦到认不出最近欧阳夏丹的消息引起了不少网友的围观当时最美主持如今瘦到脱相还是令不少人心疼的熟悉欧阳夏丹的人都知道她是一位优秀的女性高考那年欧阳夏丹以桂林市文科状元的身份考入了北京广播学院在大学期间欧阳夏丹一直都是班上的学霸
0,搞笑漫画小美的男神竟是苏拉可怜的备胎搞笑漫画小美的男神竟是苏拉可怜的备胎这天苏拉正在打游戏突然收到了小美的信息小美问他在干嘛呢苏拉
0,海运业巨头中国春节之际美国进口商大举进口中国商品据悉英媒称海运业巨擘马士基航运集团执行长施索仁月日表示美国主要进口商在第四季大举进口中国商品据路透社月日报道美国第四季自中国进口的产品大量增加这一点非常明显与此同时美国对华出口则是下滑的所以这与美国政府所希望的大为相反施索仁受访时表示
0,资深班主任给出条教育建议希望来年家长和老师一起继续努力做了年的老师当了多年的班主任接触了多个形形色色的孩子以及他们的家长我总有一种想给中小学生尤其是中学生的父母说点什么的冲动教育孩子不容易从要不要带手机的小问题到如何给孩子作表率的复杂难题都在一刻不停地困扰着家庭关于品德对于人格和
0,景县警方提醒春节期间身份证等业务可预约办理离家的路有千万条回家的路只有一条亲爱的要过年啦今年别忘了回家对于常年在外工作忙碌的人来说趁着过年回家难免有些证件需要办理这不重点就来了春节期间是我县外出务工人员的返乡高峰期为方便返乡人员借着春节返乡之机办理户籍身份证等各种证件
0,安陆个重点文艺创作项目获政府扶持月日年度安陆市重点文艺创作项目扶持评审结果公示结束个重点文艺创作项目将获政府扶持个重点文艺创作项目分别为蒋红平的诗集福兰线胡春林的曲艺作品专辑秦文友的长篇小说那些年的往事蒋剑的武当秘传功夫刘建成的诗歌集一扇没锁的门侯钟凌的相约水墨漫画每个项目可获得万元至万元的扶持资金
0,陕北榆林过大年摄影大赛通知用光影的魔法寻找每一个新年的故事
0,区委书记黄志勇率队慰问火井沱社区困难老党员春节即将到来之际月日区委书记黄志勇一行来到火井沱社区走访慰问困难老党员何天智向他致以节日的问候送上党组织的关爱郭家坳街道党工委书记梁长远火井沱社区两委班子成员陪同黄志勇书记仔细询问了何天智老人的家庭生活收入情况叮嘱老人一定要保重身体安享晚年随后为老人送上了春节慰问金志勇书记要求街道社区要尊重关爱老党员把困难党员放在心中全力帮助他们解决实际困难确实让他们
0,最新微信语音骗术曝光赶紧提醒更多人死掉了看风景拉克丝大家分了记得是开了房离开撒旦法拉克丝大家分了圣诞快乐发奖励是亏大发了宣城我服哦千万人书法老师的防守打法撒旦法啊了事发率练习册在型从的疯狂老师的开发空心菜型正常你住校处女自行车那么你先忙才不呢南方姑娘的发光飞碟兰桂坊的林哥奖励是福建拉克丝都发了经十东路开发经十东路开发老师的风景鲁大师飞机离开时代峰峻了肯定时间发鲁大师减肥理科
0,路怒症演变成入室持械伤人十二在线带你看黔南为什么一些人平时客客气气一开起车来却像换了个人似的暴躁易怒粗话连篇方向盘真的是一个变现形按钮吗蜀黍有话说有一
0,还记得那年的春晚吗在改革开放年之后年全国迎来了首个春晚记录着时代的迈进脚步有线电视里是深情的无论何时无论何地心中一样亲年代末期
0,哈哈哈哈小姐姐年前相亲被奇葩男建议植发和微整开启回怼模式逢年过节啥时候结婚成了最要命的问候大多数单身男女都将迎来亲戚们的嘘寒问暖和一波又一波相亲狂潮最近网友日出的小星星发来一段和相亲对象的
0,总想睡觉可能不是困了而是大病征兆很多人还不知道我们一生中有三分之一的时间在睡眠中度过但在现实生活中很多人都会认为睡得越多身体就会越健康事实上我们在不同年龄段的睡眠时间只要足够就可以
0,违停曝光恩施城这些地方真不能停车看看有没有你说了人行道不能停车别任性恩施交警已曝光一批违停名单部分违法车辆照片鄂鄂
0,精辟富有哲理的说说没有伞的孩子必须努力奔跑我们要走的路有着太多的不确定他人的一句劝诫自己的一个闪念偶尔的得与失都时刻在改变着我们命运的走向世事难以预料遇事无须太执谁都无法带走什么又何必纠结于某一人某一时某一事只有看开了想通了才能随缘随性随心而为不急不躁不悲
0,三杯杏鲍菇谁说做素食就无法让人垂涎欲滴三杯杏鲍菇最近日食君最爱吃的瓜来自于各界的年会年终奖茶余饭后看着大家捧着各种物质愉快地回家的样子我表示难受那谁如果你们公司还招人能不能也给我留个位置看看虽然心里各种羡慕嫉妒恨但工作
0,死伤张家口一洗浴中心发生锅炉爆炸事故事故原因令人无语月日河北省张家口市一洗浴中心发生事故造成人死亡人受伤
0,城管在线鲁山县城望顶森林公园尧山公园盛装开园
0,北京城市副中心供地加速一日成交百亿三年来首现商品房用地供应每经记者王佳飞每经编辑陈梦妤一日宗这是北京市政府迁址后通州首次如此大规模用地放量成交金额超过亿元其中备受市场关注的通州三年来首宗商品房用地拍出亿元由平安和万科联合体竞得今年以来拍地数量已近过去年总和从东城区正义路号到通州区运河东大街号今年月日晚北京市政府迁址与此
0,如皋市华理企业家商会开展精准扶贫圆梦助学活动月日上午如皋市华理企业家商会在搬经镇董王村居委会会议室举行精准扶贫圆梦助学捐助仪式向名结对帮扶建档立卡的贫困生户发放了元资助金如皋市搬经镇党委书记胡晓勇市工商联副主席余国平董王村委书记印国兰华理企业家商会会长
0,新洋农场有限公司开展庆新春游园系列活动庆新春客岁腊容随日换新年春色逐风来月日下午金龙湾生态文化园内人山人海热闹非凡新洋农场有限公司隆重举行庆新春游园系列活动新洋领导陈守军潘元海戴学林仰海洲王煜明出席活动现场活动吸引了多位职工居民踊跃参加活动前新洋农场有限公司党委书记陈守军发表了热情洋溢的讲话董事长总经理潘元海致开幕词
0,骨灰级内涵图自寻死路的犯人玩手机伤嘴唇对着耳朵吹气骨灰级内涵图自寻死路的犯人玩手机伤嘴唇对着耳朵吹气自寻死路的犯人目标从一开始就要明确图中的男子想要越狱他在很努力的挖一条地道可是他地道的尽头是厕所的化粪池所以他还是出不去就好像人类最大的悲剧我们拼了命的去实现自己的目
0,荣成市年一月份部分工程建设材料指导价格崖头石岛
0,绝地求生蓝洞推出四个地图图人气下滑图挽回局面海岛地图艾格伦海岛地图艾格伦可以说是在绝地求生之中最老的一个地图了打最开始的测试版本之时玩家们玩的就是这个地图作为早期吃鸡玩家最为熟悉的地图海岛地图上的一草一木无论是城还是机场都留下了玩家们的足迹很多玩家们都是在这座岛上不断的成盒一步一步的成为了大神
0,在美国五大湖区有一个水处理技术的硅谷快过年了要不要跟亲朋喝杯酒庆祝一番如果你是啤酒爱好者一定知道蓝带米勒这些著名的啤酒品牌这些品牌集中在同一座城市美国威斯康星州密尔沃基著名的哈雷摩托米勒啤酒雄鹿队都在这个城市哈雷摩托米勒啤酒雄鹿队然而啤酒只能说是密尔沃基曾经的最大产业了如今密尔沃基乃至整个威斯康星州南部已经成为水处理产业的翘楚甚至被称为
0,社科院公布城房价中位数曝光历时一年郑州每平降了元近期住房大数据联合实验室中国社科院财经战略研究院住房大数据项目组发布了年月城市大数据房价中位数据最新数据显示郑州年月份房价中位数同年月相比一年下调了元壹社科院公布全国城房价中
0,惊险油箱盖里被塞进个鞭炮车主吓蒙这是谁要炸我近日家住辽宁省鞍山立山水源的王群化名要出门他先把孩子送进车内坐好刚想上车突然发现右后车门的把手上有奇怪的痕迹好像是被什么东西灼烧过了
0,华君国际集团延长向控股股东发行亿港元换股债的期限智通财经讯华君国际集团发布公告就有关向控股股东发行亿港元可换股债券最后截止日期已更改为年月日或之前或公司与中国华君集团协定的较后日期
0,第四项顺风车德化帮购物省啦商城同城快店商家入驻商家管理供求二手市场本地服务车辆租售商业服务房产新楼盘二手房出租房找中介招聘找工作找人才发招聘填简历
0,短信早提醒廉洁过春节慎始慎微清廉辞岁革旧弊拒收拒送节俭迎新树清风
0,从杨浦区走出的文化名人最近回娘家了恭贺新春著名作曲家左翼著名军旅歌手区人大代表仝阿梅著名舞蹈艺术家辛丽丽沪剧名家茅善玉这些从杨浦走出的文化名人们最近回娘家了
0,救死扶伤做表率无偿献血献爱心救死扶伤做表率献出热血情意浓月日荆门市口腔医院组织了年度献血活动荆门市中心血站提供上门采血服务医护人员撸起袖子捐献热血挽救不可重来的生命日上午虽然天
0,集团大拜访政企迎新年开门红劳动竞赛如火如荼进行中一年一度的年底大拜访活动也随之而来为配合做好开门红营销工作充分调动整合各方面资源洪湖分公司全面加强与全市核心集团单位与企业交流与合作助力洪湖政企信息化收入发展洪湖分公司进一步落实落地政企中心业务精细化管理工作充分发挥集团客户经理对移动信息化业务的推动作用在岁末年初开展了首席客户经理新春大拜访活动活动期间分公司经理刘艳娟
0,欧阳娜娜吃的这种水果皮连密子君都不敢试吃能吃完敬你是天才欧阳娜娜多数人应该都认识她被成为是天才少女是很多女生都羡慕都想活成的样子但我觉得羡慕归羡慕还是该醒醒努力变优秀活成自己心中最好的样子就可以了她在大提琴上的造诣很高小小年纪就开了很多场音乐会站在舞台上拉大提琴上的娜比是会发光的正所谓台上一分钟台下十年功
0,海娃闹春太美了看看有没你家娃本文字数字图阅读时间分钟每年春节前海沧都有一档好节目
0,金川又登上央视舞台足足霸屏半小时金川县又上央视啦而且是整整分钟月日中央台播出了金川县多肋牦牛甜雪梨农业教科类公益节目
0,杨洋新片急先锋主要人员曝光女一背景引起热议注本文作者原创作品未经允许禁止抄袭侵权必究全网追踪最近杨洋摘下来帽子的照片也引起了很多网友的热议当然曾经外界流传的杨洋为了新戏将头发理成光头的传言也不攻自破了不过也有网友拔出来了杨洋新戏急先锋的聚餐图片照片里面除了成龙和唐季礼之外还有在剧中式样女主的母其弥雅也第一次被曝光了
0,人群中一眼就注意到了你你说是什么魔力姑娘会不会稍有点尴尬啊
0,教师急招人好福利高待遇报名中
0,水深火热厦门鼓浪屿云水谣古镇土楼滨海火山岛双飞五日精品游天津乘飞机赴福建省副省级城市具有东方夏威夷之称厦门抵达后厦门地接工作人员接机安排入住酒店用餐住宿厦门早餐后游览闽南千
0,厦门特惠团期福游双飞日精致甄选小资厦门鼓浪屿福建土楼鹭江夜游集美学村精华景点全涵盖优质接待津冀自组团专属导游一导到底全程专属旅游大巴包含福
0,材料作文核心立意到底该如何构建从善为青白眼一则材料作文说起材料作文核心立意该如何构建从善为青白眼一则材料作文说起南京大学附属中学陈婧一原题展示
0,还没遇见对的她
0,读睡古诗词醉卧月提花下色一壶清酒一壶春
0,大姚供电公司年月份计划停电通告春节期间会不会停电赶紧了解下
0,必看海南保障性住房申请有新变化这些证明材料取消省政府日前出台海南省人民政府关于取消部分规章和规范性文件设定的证明事项材料的决定其中申请保障房经适房限价房公租房不用再提交家庭成员婚姻状况证明收入证明住房情况证明等材料海南省人民政府关于取消部分规章和规范性文件设定的证明事项材料的决定为了贯彻
0,科创板全规则落地不盈利可上市万门槛天不设涨跌停亚洲财经新经济体系的建设者和引领者
0,向光生长微笑起来
0,俄祖父醉酒后将月大外孙推入火炉孩子被活生生烧死尸骨无存据每日邮报月日报道俄罗斯一名个月大的婴儿被醉酒的祖父推进火炉里活活烧死了这名婴儿名叫马克西姆萨加拉科夫他的母亲名叫维克托利亚现年岁事发当天维克托利亚将孩子留在了家中由她的父母照顾当她回来时她发现孩子
0,这豪华级车超值最低万不到万能落地我有车原创行情推荐随着系系系车型的相继换代推动沃尔沃品牌在年取得了不俗的销量成绩不过现款沃尔沃在国内仍未推出换代车型虽然款在款的基础上进行了小幅动力提升智远进取版被智远版取代沃尔沃去年全年销量仅辆不及大哥的辆新一代将于今年发布
0,第七期三维度解读高新技术企业政策福利说点实在的想成为国高企最直接的原因不就是政策优惠吗但你知道这些政策主要从哪三个维度给企业带来福利吗国高企认定系列第七期三维度解读高新技术企业政策福利本期课程分享导师王松美
0,过年家庭出行不用愁过年了走亲访友是必须的热热闹闹的亲朋好友一起去嗨不过是否有时遇到坐不下的尴尬情形或者手上的座空间不够乘坐还不舒服别担心有北汽幻速这样的高配高质真七座在等你除了出行不怕装以外还能给家庭带来许多美好
0,书荒强推本好看的现代言情小说甜中带虐适合反复刷大家好呀马上放假啦阿宅特意为大家精心盘点了本小言是不是超满足今天带来的本作品集都是晋江高人气作者疯子三三的小说她的小说多为虐恋情深大结局阿宅在看过她的昏事后就把其他的小说也翻出来一起看了所以今天特整理了本推荐给大家
0,古训十句以忍制己情以恕制人情老祖宗的智慧博大精深不是三言两语就可说清的只要你能深明其中的道理必然会让你受益终生己情不可纵当用逆之法制之其道在一忍字人情不可拂当用顺之法制之其道在一恕字小窗幽记自己的欲念不可放纵应当用抑制的办法制止关键的方法就在一个忍字他人所要求的事情不可拂逆应当用顺应的办法控制关键的方法就在一个
0,今年情人节与来场浪漫约惠品牌推荐携一只手袋为这个情人节诠释不同的色彩与随行一同致敬永恒的爱情优雅廓形超越了
0,致理财客户的公开信岁末年初请到我行来存款尊敬的客户在过去一年的时间里中国资本市场出现了前所未有的剧烈波动这里我想与您一道回顾这段时间发生了什么从中我们可以得到什么启示以及分享一些我的建议一发生了什
0,结婚年零绯闻娱乐圈打拼年不温不火妻子却被大众熟知导读结婚年零绯闻娱乐圈打拼年不温不火妻子却被大众熟知在娱乐圈这个表面光鲜亮丽其实里面特别复杂的圈子总会时不时的冒出各种各样的不可告人的内幕有很多不出名的明星为了能出名不惜利用自
0,政和县人社局召开精准就业扶贫工作推进会政和县人社局召开精准就业扶贫工作推进会为认真贯彻落实上级关于脱贫攻坚的部署要求扎实推进政和县精准就业扶贫工作月日在政和县人社局一楼召开精准就业扶
0,退役兵王隐瞒身份入赘豪门遭妻子嫌弃亮出身份后另妻子唯命是从老婆我最近没钱花了能不能支援点市郊的花园别墅内一名青年坐在高档的真皮沙发上叹气道沈浪我希望你能注意下自己的形象你现在真的很让人恶心苏若雪咬着贝齿秀眉紧紧的拧在一起我这也不是刚回国嘛身上没带钱过来沈浪说这句话的时候有点没底气因为他还从来没开口向女人要过钱沈浪对钱的概念很淡薄突然来到大都市里没钱还真寸步
0,成都全社会用电量两位数增长释放出什么信号年成都市全社会用电量亿千瓦时同比增长增速跑赢全国个百分点每经记者张建摄资料图全社会用电量一直被认为是衡量区域经济发展的晴雨表
0,大话降龙北上广不会相信眼泪的帝哥就不要本色出演了好吗大话降龙北上广不会相信眼泪的帝哥就不要本色出演了好吗小可爱们大家好今天小编给大家来的是大话降龙讲述由一个名叫罗汉的孩子在老爹熊猫大侠的威逼利诱下踏上了成为降龙大侠的道路为线索展开了一系列爆笑的故事他们每天像我们一样朝九晚五地工作笑点密集萌点爆棚
0,沈梦辰为了一杯奶茶跟老爸斗智斗勇妈妈却很护犊子萌翻众人注本文作者原创作品未经允许禁止抄袭侵权必究全网追踪女儿们的恋爱开播之后就获得了好评无数沈梦辰一家人也成为了网友们热议的焦点通过节目网友们发现沈梦辰的父母对待女儿的态度截然不同老爸很严厉妈妈却很护犊子
0,梅赛德斯奔驰金融服务波士瑞达优秀销售顾问颁奖仪式奔驰金融月日梅赛德斯奔驰北区金融经理韩宾先生莅临
0,大话降龙龙宫为迎接新年决定搞事情让小龙女到降龙家借住大话降龙龙宫为迎接新年决定搞事情让小龙女到降龙家借住大话降龙来啦这一期小编又给大家带来搞笑的漫画希望大家都能够喜欢啦在压力大的时候看一看可以缓解大家的压力跟心情哦希望接下来能够给各位漫迷们带来更多的欢乐哦
0,汉川公安重拳整治非法电动车乱象近日汉川市公安局联合相关部门出动执法人员四十余人车辆五台在新河辖区整治三四轮电动车非法营运非法改装面包车等违法行为在行动中共扣留电动车辆非法改装面包车辆乱停乱靠车辆台
0,快过年了一家四口车祸身亡其中有出生仅多天的婴儿月日中午山西省忻州市繁峙县郝家湾村发生一起交通事故一辆面包车与一辆大货车发生碰撞现场有人员死亡
0,关于在自治区人力资源市场领取各类职称证书的通知重要通知二级建造师及二级建造师增项证书未开始发放具体发证时间请关注后续公众号年月日年二级建
0,调度指挥中心四班召开春运动员会春运前夕调度指挥中心四班召开班组动员会会上班长传达了中心保畅保通的工作方案对班组相关工作进行了部署并要求班组成员提高自身工作站位以实际行动来做好春运保畅保通工作践行中心铸工匠底蕴塑茉莉精髓的工作承诺让茉莉之花在
0,月日古宋情缘宋城失落古城千古情表演宋城是杭州的一个传奇每年有几百万人慕名而来尽兴而归每天上演的宋城千古情与拉斯维加斯的秀巴黎红磨坊并称为世界三大名秀无数杂志告诉你那是一生必看的演出何况那么近还没有去过吗是时候去看看啦
0,还没集齐五福原来它们都藏在了这里随着春节的临近大家快速而统一地进入了忙碌的集五福阶段听说你的五福还没集齐呐最萌福字送给你
0,法治副校长受邀参加鄢陵县一高百年校庆月日上午鄢陵县人民检察院检察长汪伟宏作为鄢陵县一高法治副校长受邀参加鄢陵县一高百年校庆活动鄢陵
0,请在未来的日子里学会等待中小学按照埃里克森人格发展理论培养儿童信任感的最佳时间是岁
0,重磅年西点世界杯马来西亚夺冠创造了新的西点历史个国家的队伍历经天紧张激烈的比赛月日西点世界杯精彩落幕马来西亚凭借专业实力创意突围夺得世界甜点冠军
0,中国农业银行数据中心年春季校招启事中国农业银行数据中心年春季校招启事中国农业银行是一家同时在上海证券交易所香港联合交易所挂牌的国有大型上市银行资金实力雄厚服务功能齐全秉承诚信立业稳健行远的核心价值观坚持审慎稳健经营可持续发展截至年月末
0,深圳兼职达美乐比萨兼职店员南山店薪资元小时满周岁即可报名回复简历送你优秀简历模板招聘信息达美乐比萨兼职店员南山店薪资水平元小时月结社会兼职需有社保缴纳证明学生兼职学生证薪酬时薪元小时另加每单外送补贴综合时薪大概元元稳定兼职月结
0,无理取闹美国以退群威胁摧毁新型导弹岂料俄方根本不吃这套据媒体报道俄罗斯副外长表示俄罗斯不会接受美国要求其销毁导弹的要求在此之前美国表示俄罗斯的伊斯坎德尔导弹射程超过了中导条约的规定俄罗斯不销毁伊斯坎德尔美国将会退出中导条约
0,甄嬛传华妃嫉妒心这么大为何从不提纯元背后原因令人心寒我们看甄嬛传时会发现一个很特殊的细节那就是是恃宠而骄的华妃从来没有提到过纯元她心中看不起皇后对甄嬛恨之入骨但是却在私下里却从来没有提到过纯元难道她真的不知道这么个人吗我们先看看众妃子给雍正做福晋的时间皇子们成年
0,回归后风格大变淑女模样全无自拍时次闻自己臭袜回归后风格大变淑女模样全无自拍时次闻自己臭袜在早期的女主播当中真正能称得上是技术型的其实非常少大多数主播都是占着英雄联盟板块的流量而做着其他类型的直播内容比如说冯提莫阿冷这样的女主播虽然说斗鱼将她们设定在英雄联盟板块但是他们直播风格都是是娱乐这一点想必她们也不会否认的当然在众多的女主播当中也有一些主播技术非
0,外媒美鼓动台当局用豪猪战略对付大陆外媒称美国正鼓动台当局采取豪猪战略来对付大陆它希望台当局获得更小更便宜更机动的武器而不要使用大型笨重和昂贵的装备据英国经济学人周刊网站月日报道从年台海危机至今两岸实力对比已今非昔比这使得台当局匆忙反思他们所谓的防务政策美国智库计划研究所的易思安说台湾岛到处都是地堡坦克隐藏在台北繁华的街区里修建中山高速公路不仅是为了缓解繁忙
0,蓝田县人民检察院召开扫黑除恶领导小组工作推进会传达学习中央省委政法会议关于扫黑除恶方面的要求月日下午蓝田县人民检察院召开扫黑除恶领导小组成员工作推进会会上副检察长院扫黑办主任董一钊传达学习了中央省委政法工作会议关于扫黑除恶方面的要求蓝田县扫黑除恶专项斗争领导小组办公室关于进一步提升扫黑除恶专项斗争整体水平的实施意见西安市扫黑除恶斗争督导检查项目清单及分值关中片区扫黑除恶专项斗争工作通报等相关文件精神要求以会议精神为指示依据西安市扫黑除恶专
0,金牛区年成果丰硕年金牛交出怎样的成绩单带你一图看懂
0,衢州市圆满完成三批行业协会商会脱钩工作
0,永州打响扫黑除恶第一枪一举抓获名涉恶犯罪团伙成员月日上午永州市委市政府在新田县启动新一轮扫黑除恶集中收网行动打响年扫黑除恶第一枪抓获名涉恶犯罪团伙成员破获刑事案件起
0,警惕昨日查获起酒驾龙南交警两晚查获起酒驾案件岁末年初随着群众聚餐大型聚会等活动增加酒驾醉驾风险不断
0,宝鸡一村主任成黑恶势力头目涉刑事案件起年以来宝鸡市公安局渭滨分局充分发挥主力军作用紧密结合区域实际先后破获寻衅滋事非法拘禁聚众斗殴敲诈勒索强迫交易等九类涉恶涉黑类刑事案件余起刑拘人打掉团伙余个逮捕人移送起诉人取得了阶段性胜利特别是
0,宠溺无度单亲妈妈陪儿吸毒为儿购毒结果母子双双母爱可以是不求回报的但应该是有底线的然而一名居住在厦门翔安的母亲出于对儿子的溺爱和纵容竟陪着儿子一起购买和吸食毒品
0,女人十月怀胎生孩子男人坐享其成女人还得伺候男人坐月子女人十月怀胎生孩子男人坐享其成女人还得伺候男人坐月子都说女人生孩子就像从鬼门关走了一趟可见生孩子的凶险和艰辛自古生孩子是女人的职责所在别说生孩子是件要命的职责就连十月怀胎都是苦不堪言的如今女人地位提高疼爱妻子的丈夫会为妻子做任何事情但唯独生孩子这件事情是无法替代的随着科技的发达很多男子为了体验妻子的痛苦用高科技亲身体验生孩子的痛苦但凡愿意体
0,培养一个飞行员需要多少钱讲真比一架歼还贵从一战开始掌握了制空权就意味着掌握了胜利抗美援朝时期后方物资堆积如山志愿军在前线却缺衣少食根本原因是没有制空权在美军狂轰滥炸下只有不到十分之一的物资能送上去要想掌握制空权战斗机必可不少比战斗机更金贵的是飞行员讲个笑
0,色地镇组织开展春节前治安联防巡逻为全面贯彻落实州县党管武装工作会议精神确保春节期间镇域内的社会治安稳定和谐营造团结祥和的节日氛围月日晚色地镇党委组织色地镇武装部民兵镇派出所干警共计人出动警车台公务车辆台在镇定居点及远牧点开展治安联防巡逻活动
0,打板复盘重庆解放碑万手制造唯一连板业绩雷龙头盾安环境涨停有望缓解恐慌龙哥本来预计今天情绪能够修复稍微好一点结果指数还行上证挺强可是跌停板下午又增加了龙哥低估了乡亲们恐慌杀跌的能力因为还有很多相亲以为明天还会有业绩雷预告实际没有了不过乡亲们不懂是应该的毕竟以前没什么人会关心这种事明天大概率还是稳了该卖的今天都卖了该恐慌的都恐慌完了明天不会更差了明天的修复会更靠谱一些今天有一个稍微好一点的信号是业绩雷龙头盾安环
0,全市党员学习强国学习平台上线啦新年我们从学习开始来源怀化市委网信办
0,一男子爬南安玳瑁山不料被困山顶洪梅镇的玳瑁山峰峦叠翠林壑优美更有闻名遐迩的闽南古刹灵应寺吸引了众多游客前来观光这不在春节即将来临之际洪梅镇的戴先生趁着阳光正好约上了三五好友去爬玳瑁山本想登山顶峰一览美丽的风景却被困在山顶上了这是怎么回事呢
0,石峰检察院举办年春节联欢会年月日石峰区人民检察院春节联欢会成功举行干警干警家属余人齐聚一堂欢度佳节
0,谢记乳鸽皇获评名鸽特色餐厅以匠心打造美食品牌以品质赢得食客青睐年月由世界中餐业联合会粤菜产业委员会和中国畜牧业协会鸽业分会共同打造的首届世界鸽王美食大赛成功举行在这场高规格严要求的世界级大赛中惠州谢记乳鸽皇餐厅以下简称谢记乳鸽皇在评审团的一致认可中获评名鸽特色餐厅这一消息传来社会各界迅速掀起对谢记乳鸽皇这一品牌的探听与了解其中更吸引了众多美食爱好者慕名而
0,合肥人买的中华玉溪可能是假货刚刚查获涉案总额超过亿元还有几天就要过年啦每家每户都正忙着置办年货好烟好酒来一波浓浓年味扑面来可是你知道吗你买到的年货可能有假货这不最近上海公安就摧毁了一个制造假烟酒的团伙对于邻居们来说买到假烟假酒受骗事小还有可能伤害身体健康上海警方破获
0,影版神雕侠侣张雨绮饰演李莫愁这匹配度有点高哈喽各位小伙伴你们好欢迎小伙伴阅读小编的文章原创不易如果各位小伙伴喜欢的话就麻烦动动手指点下赞吧听说给小编点赞的小伙伴都已经升职加薪走上人生巅峰了哦而最近除了电视剧版的神雕侠侣电影版的也来了只是翻拍影版的人比较
0,湖南湘南学院招聘公告岳云鹏孙越相声岳云鹏孙越搞笑相声年湖南湘南学院招聘公告湘南学院位于享有天下第十八福地之美誉的湖南南大门郴州市是一所公办全日制普通本科高校年以优异
0,春晚主持人阵容来了欢乐吉祥闹新春喜气洋洋又一年围绕着奋进新时代欢度幸福年的主题年春节联欢晚会联排正在紧锣密鼓地进行中作为中央广播电视总台成立后的首个春晚春晚主持人的阵容可谓是万众期待
0,欢迎您回家春风行动再绿枝江月日雨后的天空饱含着盎然春意由市人民政府主办市人才工作局市人社局承办市直相关部门各镇街道协办的年春风行动返乡创业启动仪式暨就业援助月首场大型招聘会在枝江大礼堂广场隆重举办来自全市个村社区的名
0,约春节去钻深山里的清凉洞探秘洞中奇景视听文山微信号新闻速递海量视频下周就过年啦如今春节来个短途游给心灵一次释放已成为一种时兴的过年方式今年春节如果你有外出旅游的打算不妨与大自然来个亲密接触不想去太远的话麻栗
0,长春人家乡话拜大年萌娃拜年张玥琳小朋友给大家拜年了
0,为爱而购秀英区开展年春节爱心扶贫助学义卖活动为进一步贯彻落实智志双扶政策激发贫困户家庭内生动力引导和培养贫困家庭学子人穷志不穷的品质转变等靠要的懒惰思想坚定脱贫致富的信心秀英区在秀英街道吉玛隆年货集市街和东山镇开展我用我手撑明天助学筑梦种希望年春节爱心义卖活动
0,蚩尤墓在哪里真实存在位于河北涿鹿县大山深处的小山村里真实存在的蚩尤墓位于河北涿鹿县的一个深山小村里在历史上有很多神话故事很多人都认为是胡诌乱编而来的其实一些神话故事是有一定依据的并不是胡编乱造我们所了解的神话故事有女娲补天精卫填海后羿射日蚩尤大战等等今天要说就是神话故事中的蚩尤蚩尤是真实存在的人物为什么这么说呢因为在最近考古界声称发现了蚩尤的墓地下面就让小编给大家介绍一下
0,沾满福气过大年福州市年迎新春群文活动等你来参加今天你沾福了吗最近大家是不是都在互扫福字互沾福气呢除了网络沾福这个新年我们也为大家准备了精彩纷呈福气满满的群文活动带你线下沾满福气过大年快和小编一起看下去
0,美术大佬将旺仔牛奶变索隆结果令网友痛心喝完就得绿说起海贼王这部动漫想必大家也都不会陌生这也是当下热度非常高的一部日本动漫是由日本漫画家尾田荣一郎所著相信很多人都是看了这部动漫长大的也是深受大家的喜爱在年的时候这部动漫就开始更新并且一直持续到了今天整个过程持续了将近年的
0,长安食药监分局开展春节节前食品药品检查保障节日期间食品药品安全年春节临近食品购销宴请聚餐迎来高峰食物中毒等食源性疾病风险将随之增加为保障我镇群众节日期间
0,市外国语学校小学部走进护理院开展志愿慰问活动昨天上午东坑医院护理院迎来了一群小宝贝他们使用十八般武艺引得护理院的长者眉开眼笑
0,倒计时深圳非金融社保卡明天起停用你换卡了吗各位粉丝小伙伴现在是在上班还是已经回家过年啦今天小编来说说跟大家生活紧密相关的社保卡非金融社保卡明天起停用
0,改善水环境质量河北实施碧水保卫战三年行动计划日前河北省水污染防治工作领导小组办公室印发河北省碧水保卫战三年行动计划年提出以水环境质量改善为核心重点突出五大区域深入推进水污染防治通过高质量的水污染治理水生态修复水资源保护三水共治为京津冀协同发展提供有力的水生态环境支撑行动计划提出到年河北省水生态环境质量总体改善主要水污染物排放总量大幅减少水环境风险得到有效控制
0,我不敢说我怕被骂本期主播有有妈妈一名曾干过主持人并自称很厉害的配音演员同时也是有有的戏精妈妈爱好给有有讲故事得到小区小朋友们的喜爱哈哈哈有有聪明活泼的小菇凉大概是继承了妈妈的语言天赋不到三岁就变成了家里的小话唠喜欢看书讲故事最爱的卡通人物是小猪佩奇巧虎
0,重磅东莞拟建条轨道交通线路经过你家门口吗最新重磅东莞轨道交通新增至条直接对接深圳条小编第一时间为大家送上详细信息
0,央行月起中国债券将纳入彭博巴克莱债券指数中新网月日电据央行网站消息月日彭博公司正式确认将于今年月起将中国债券纳入彭博巴克莱债券指数近年来中国债券市场对外开放持续扩大截至年末中国债券市场存量规模达万亿元人民币其中国际投资者持债规模近万亿元人民币同比增长此次中国债券正式纳入国际主要债券指数充分反映了国际投资者对于中国经济的信心也是中国金融市场对外开放取得新进展
0,男子捡到手机后发现不雅视频联系女失主晚上出来约一下手机丢失的话问题就比较麻烦了因为手机上一般都绑着银行卡而且还有自己的隐私或者是一些重要的资料那些东西可能都存在手机上面手机丢了的话那些东西都找不回来了下面就有一位女孩的男朋友丢了手机但是却发生了一件让她意想不到的事情
0,一部分钟动画片看哭千万中国父母还入围了奥斯卡如果你不听我的话我就把你吃回肚子里中国式父母有没有发现我们对回家过节的期待变得越来越少回家过节既要接受七姑
0,追梦路上美丽内蒙古奋勇前行内蒙古自治区十三届人大二次会议胜利闭幕陈立庚摄风帆扬起致千里同心思进向未来月日下午内蒙古自治区第十三届人民代表大会第二次会议圆满完成各项议程在呼和浩特胜利闭幕短短五天的
0,岳阳市税务系统深化推进全面从严治党岳阳日报全媒体讯记者刘革通讯员黎牧月日岳阳市税务系统全面从严治党工作会议召开
0,凯尔特人分大胜黄蜂黄蜂凯尔特人沃克分杰伦布朗塔图姆罗齐尔比赛概述今日黄蜂客场挑战凯尔特人比赛开始后两队展开对攻大
0,扶风县教育系统举办迎新春春联义写活动义写春联展示师生风采翰墨飘香弘扬书法国粹为展示师生精神风貌和素质教育成果丰富广大群众文化精神生活营造欢乐祥和浓郁的节日氛围月日上午腊月
0,钱币要注意菊花一角破烂不堪物以稀为贵收藏钱币要注意菊花一角破烂不堪很有可能价值上千人民币中有纸币和硬币纸币作为主要流通而硬币作为辅币使用纸币和硬币都是不可或缺的部分硬币有很多种最早的就是硬分币其次便是长城币后来慢慢的有了老三花再到后来就有了新三花菊花一角大家已经不陌生了作为老三花中面值最小的钱币也是如今只收不付和退市的一枚如今已经不使用了现在更多的是兰花一角如今很多人
0,吴江到沽源物流专线回程车返程车吴江到沽源物流专线回程车回程车公司回程车回程车货运公司回程车公司成立于年月工商注册资金万工商税务交委的全套证照齐全本公司业务人员都是经过业内培训且经验丰富的高手无论走零担还是发整车既快又便宜安全快捷可靠认真快速守信是回程车回程车公司经营的宗旨回程车回程车有限公司是一家专门从事全国各地公路运输整车零
0,交警连珠炮般发出灵魂十问他究竟做了啥月日凌晨时许兰海高速上一辆微型货车从甘肃武都区琵琶收费站上站随后逆行多公里后到达四川广元境内随后被四川交警总队高速二支队民警发现并拦截面对如此危险的交通违法行为交警现场对驾驶人发出灵魂十问
0,防弹少年团解读什么是家的意义谢谢能让我成为我谢谢能让我飞翔谢谢能赠予我翅膀谢谢将曾混乱不堪的我唤醒谢谢将曾活在梦中的我唤醒只要想起你我就会很清醒
0,于正号称这部新剧是升级版延禧攻略真是信了他的邪去年打造出爆款的于正热度可从来不会缺席停播延档风波于正评价吴谨言演技心疼吴谨言剧集之外乱七八糟的热搜可是没少上这究竟为什么要上热搜还有各种会串戏的熟脸延禧热度的造势
0,滨州又增测速和电子警察好好开车给孩子省个压岁钱为维护道路交通秩序预防和减少道路交通事故的发生根据中华人民共和国道路交通安全法等法律法规规定滨州市公安局交通警察支队高新区大队整改后测速设备及新增电子警察设备于年月日起正式启用主要抓拍测速逆向行驶违反禁止标线不系安全带开车接打电话等交通违法行为望广大驾驶人遵守交通法规守法平安出行具体设置地点如下一超速抓拍系统滨州市高
0,中等收入人群月入元而年入万美元的美国人称不富裕月入是中等收入群体上了热搜却不是真相月日国家统计局发布年全国时间利用调查公报有媒体在报道中提到中等收入群体就业工作时间最长高收入群体家庭生产经营活动用时最长低收入群体是指调查对象月收入在元以下的群体中等收入群体是指月
0,这项火遍北美赛事如今正在国内发展壮大汽车报废了怎么办大多数人的选择就是把车送进拆解厂卖卖废铁但是有人却能赋予这些报废车二次生命直接将这些报废车开上赛场重燃激情在美国有这样一群人他们专门买来报废车然后花上不菲的价格进行改装改装的目的只有一个就是在撞
0,玩转韩国吃得好玩的爽的地这里一定要有姓名啊有没有春节期间去韩国玩的小伙伴啊往常大家都会去首尔玩吧但是其实也可以去周边城市走一下哦空气更清新更能治愈心灵呢今天小编就来给大家介绍一下春川的名景点哈小杨江小杨江的水很清晰周围的景色也很漂亮四季景色各异特别是雪景超级美
0,年第一个热词盘中国队盘他亚洲杯加油人民日报客户端永远支持你细心的观众一定发现了这颗藏在场边广告中的小彩蛋为了给中国队助威人民日报客户端在中国队泰国队比赛的前一天提前投放了这支广告当时是英超南安普顿埃弗顿的比赛中国队盘他亚洲杯加油在场边的
0,索隆姐姐果然没死如今已加入了革命家还成为了四军最强战力索隆姐姐果然没死如今已加入了革命家还成为了四军最强战力海贼王这部经典热血动漫相信大家都非常强的熟悉经过二十多年的时间草帽一伙人终于来到了和之国然而这时候世界会议的召开已经步入了尾声不过因为革命军与天龙人正式开战加快了海贼时代的动荡
0,骁龙处理器高颜值降价元网友小米再见国产手机发展这么多年也是涌现出来了如荣耀红米一加等子品牌的成功除了有主品牌的影响力之外自身也是要有一定实力的手机小米荣耀等手机产商这些都是主打性价比的国产手机但还不忘记了还有年成立的一加手机在性价比方面也是比较优秀
0,原来它才是年夜饭的位前一阵子十大网络用语出炉其中就包括了位这一词位是指英文缩写意为中央中心后引申为最重要的位置大家最熟知的位就是偶像组合里的位啦偶像练习生里
0,中年危机或许是你实现第三次诞生的最佳契机腾驹达猎头千万级年薪老总的职业导航来源中欧商业评论近两年中年危机这个话题的热度越来越热以前是谁的青春不迷茫如今越来越多的人发现年纪大了困惑和迷茫却一点也没少事业家庭健康以及自我认知的问题一茬接着一茬但实际上人到中年时也是重新开始认识自己的内在完整性并开启人生新的可能性的时候
0,警惕这类新型传销今年流行披着网络外皮已骗到多人传销害人大家都知道许多人都对它深恶痛绝但有种披着众筹共享经济消费返利等新经济外衣的网络传销近些年却骗到了不少人参与者甚至血本无归
0,岁末年味浓家书诉温情风雪至冬日寒万物蛰伏美好未歇我们懂得您对家的殷殷期待从未停止过前进的步伐兢兢业业的建筑师傅依旧奋斗在施工一线匠心打磨着家的品质愿用一纸家音为寒冷的冬日加温
0,拾芳园的冬日球根苔藓和岩石葡萄风信子不是春天才开花的么是啊我的葡萄风信子也是刚种下不久冒出了嫩绿的小叶子开花大概还要等上个月
0,痛风医案血尿酸从到再到中医是怎么做到的痛风急性期中医医案一则患某男岁年月就诊患者自诉年前患痛风性关节炎到个月发作次每次口服秋水仙碱等药物后痛风症状可缓解个月前因病情复发再次口服秋水仙碱和非甾体类抗炎药时出现上消化道出血症状刻诊左下肢膝踝关节红肿疼痛以踝关节明显影响活动屈伸时疼痛明显夜晚加重舌质红苔薄黄腻脉濡数体温脉搏次每分钟
0,后连续熬夜尾巴长毛所有宜昌人最近请务必早睡小时不知不觉春节将近学生早已放假岁末交替工作族最是繁忙时所有奔波忙碌的宜昌人最近你过得好吗睡得安稳吗
0,后金庸时代的侠义精神竟然被他重新定义由浙江华云文化传播有限公司清华大学出版社联合打造的戚绝书于近日正式上市该作品是知名记者畅销书作家李幺傻的最新力作最初于天涯论坛连载点击破三千万被评选为天涯年度十大作品并先后入选了年度浙江省网络文学优秀作品和浙江省文化精品扶持工程
0,知道自己的职业方向究竟可以少走多少弯路生涯研习社你可以在热爱的领域努力地玩儿本文字建议阅
0,如何跟女生表白的成功率高时间会告诉我们简单的喜欢最长远平凡中的陪伴最心安懂你的人最温暖最好的爱情是相濡以沫相遇不容易相知更是难得珍爱眼前的人喜欢她就向她表明你的心意向她表白吧这里列举一些表白成功率高的方法希望天下有情人终成眷属
0,清大科越广州分公司徒步团建出游记秋风飒爽清大科越的小年轻们迎来了年的团建秋游活动本次活动主要分为三个部分徒步到从化最美乡村溪头村泡温泉及娱乐活动放松自我和球类竞技年月日早上点一行人浩浩荡荡从分公司出发前往徒步始发地带着满满的憧憬
0,并肩滴滴京东石景山这家企业厉害了近日胡润研究院发布胡润大中华区独角兽指数石景山企业今日头条登榜位列第二近日胡润大中华区独角兽指数公布石景山企业今日头条登榜并位列第二
0,新年特供灯展庙会等场活动时间表郑州人春节出游玩法已佩奇时间过得飞快转眼便是新年我们的城市也悄然发生着一些变化红红灯笼挂起来璀璨彩灯亮起来如织客流迎进来为了给大家春节出游提供更多的服务与帮助豫姐特别推出这期新年灯展庙会攻略希望能为小伙伴们欢天喜地过大年提供指南鉴于文章篇幅过长先看关键词目录
0,速查工资若低于最低标准单位涉嫌违法最低工资标准事关广大劳动者的收入月日人社部网站公布了全国各地区月最低工资标准情况截至年月和全国各地区小时最低工资标准情况截至年月在劳动者提供正常劳动的情况下单位应支付给劳动者的工资在去除加班费津贴和其他法律法规和国家规定的劳动者福利待遇外不得低于当地最低工资标准什么是最低工资标准
0,一位温籍港澳华侨委员的新愿望期待家乡城市书房花开海外希望家乡的城市书房能早日开进德国今天下午省政协十二届二次会议闭幕温籍港澳华侨委员冯定献走出大会堂与记者分享了自己参会后的新愿望这个愿望源自另一位与会委员刘光华的分享会议期间冯定献和刘光华交流时得知意大利普拉托即将投用一家带温州味的书房这令在德国生活的他羡慕不已
0,教师家长出身论践踏了有教无类观文张立最近两天广西百色一蒋姓小学老师备受关注得知家长在殡仪馆工作后孤立其孩子公开在家长群辱骂威胁家长私下向家长兜售红糖并与是否处罚学生挂钩上述行为一经爆料很快引发网友热议月日百色市右江区新闻中心发布落款为右江教育局的通报称家长反映问题基本属实目前该老师已被暂停班主任职务月日北京青年报家长是殡仪馆职工却被孩子的老师所歧视
0,买早了苹果手机春节大降价苹果只要元众所周知随着春节的即将到来各大平台商家也趁着这次机会想要狠狠地捞上一笔并且还以各种福利优惠的噱头来刺激消费者购买而现在就有平台商家已经发送出了国行版的最低售价据悉该商家给予的最低售价为元相比较苹果官方网站的售价整整便宜了元的地步
0,康巴什唤醒你的新年第一场旅行我们总是买了太多的礼物却不知道是不是送到了亲人的心上我们包了很大的红包
0,小偷过年欲捞一笔结果被失主人赃并获新闻串串聊小偷过年欲捞一笔结果被失主人赃并获
0,我段召开全段党员干部警示教育大会月日我段召开全段党员干部警示教育大会会上进行了党的基本理论知识考试段党委副书记纪委书记陈剑龙作党风廉政专题宣讲并通报了近期党风廉政典型案例段党委书记祝天柱段长蒋国旗分别作重要讲话
0,温泉季奢华别墅仅需独栋恩平山泉湾畔途寓小巴厘岛房别墅入住千万级别暂新别墅麻将烧烤厨房私家温泉半年有效夜未央秋意正浓世界再一次被拥入怀中途寓小巴厘岛温泉独栋别墅自带温泉泡池不用收拾行囊舟马劳顿在别墅里就能随心所浴真是难得的惬意
0,回顾展望书生造舍走过年在这一年里我们共做设计项目约个其中包含建筑设计空间设计乡间民宿的改造设计近在大邑崇州成都绵阳柳江平武等远到贵州茅台遵义云南芒市等通过不断地积累与成长自律与自觉自醒与自悟真诚待人不
0,天池乡开展春节前社会治安整体联动活动为确保天池乡群众过上一个安宁祥和的春节天池乡于年月日晚上点在宜苑小区开展社会治安整体联动活动全体机关干部村社书记治保主任派出所部分红袖标队员参加
0,高要区抽签分配年度南岸和白土镇等五镇公租房近日高要区年度南岸和白土镇等五镇街公租房抽签分配仪式在区住建局四楼会议室举行根据广东省城镇住房保障办法广
0,五险一金绩效工资员工福利内蒙古三支一扶社区备考资讯全成公上岸占先机
0,极地涡旋袭美多地变身大冰箱美国国家气象局预报美国大陆三分之二地区日变身大冰箱受极地涡旋影响从中西部大湖地区向东至俄亥俄河谷新英格兰地区多地可能出现破纪录低温南部密西西比州和亚拉巴马州可能迎来降雪美国中西部明尼苏达州伊利诺伊州和威斯康星州日遭遇风雪部分地区积雪超过厘米美国国家气象局说极地涡旋通常在北极旋转而今南下侵袭美国受影响最为严重的是中西部地区
0,中共天津市纪委十一届五次全会召开本报讯记者魏彧于春沣徐丽中共天津市纪委十一届五次全会今天在天津礼堂召开市委书记李鸿忠出席并强调要以习近平新时代中国特色社会主义思想为指导认真学习贯彻习近平总书记在中央纪委三次全会上的重要讲话精神贯彻
0,戈壁军营依令而动迎新春隆冬时节的雄关脚下天寒地冻随着新春佳节将至营区外一片喜庆祥和的氛围营区内却是警报声声硝烟浓浓
0,的女人都喜欢这样的男人你是吗
0,资深钓鱼人行话千百篇之口相篇混迹钓鱼圈不懂一点行话怎么好意思说自己是钓鱼人今天小编为大家奉上最全最有用的钓鱼术语学习指南看完分分钟涨姿势
0,吕浩找个白富美女友准老丈人不同意有钱任性啊每天晚上点更新原创喜剧
0,福州分行在四个方面下功夫认真学习贯彻好年集团系统纪检干部培训班精神月日福州分行在组织纪检干部参加集团举办的年集团系统纪检干部培训班视频后召开了分行
0,点进来免费领花花卡和敬业福能不能一夜暴富就靠它了品质决定一切搞笑我们是认真的搜狗哈哈感谢您的关注点个好看过个好年
0,滨州招聘人大专可报年滨州市高新区电视台招聘简章人报名事项报名采取统一时间网上报名方式进行报名时间年月日月日报名表下载地址
0,城南新区开展禁止燃放烟花爆竹集中宣传活动为进一步加强禁止燃放烟花爆竹宣传工作维护辖区稳定近日城南新区结合实际情况在辖区内开展了禁燃宣传活动日上午城南新区利用车逻镇农贸市场逢集的机会在主要街道悬挂醒目横幅利用机关事业和企业单位液晶显示屏滚动播出标语并在
0,知否知否快来签收宜家济南商场新年邀请函斯马兰邀您一起过大年爆竹声中一岁除春风送暖入屠苏过年最讲究传统习俗大年初一到初六宜家斯马兰儿童乐园邀请孩子们一起写福字寻宝探险还有祝福点播台更有超多惊喜等你发现
0,榆林镇北台西老爷庙举办转九曲活动详情月日是农历腊月二十三也是小年镇北台西老爷庙举办了陕北民俗文化转九曲活动据悉该活动每晚七点开始举行将一直持续到正月十五爱好转九曲的市民朋友在该时段内可前去参加据了解我们陕北转九曲时
0,您厝边的社区爱心快递传递温暖您厝边的社区爱心快递传递温暖区人大副主任程欣等一行人慰问困难家庭月日思明区人大副主任程欣梧村街道人大代表联络工作室主任孙建中到文屏社区慰问户困难家庭为他们送去慰问金和新春问候区工会副主席人大代表薛钧丹慰问
0,除了头孢服这类药物饮酒也致死都说酒后不吃药吃药不喝酒但经常有人不当回事上个月一同事感冒吃药后参加了一个饭局喝了点酒结果当晚半夜就感到身体极度不适胸闷气短被送到医院抢救了一个晚上终于从死神怀里把他拉了回来说起此事这个同事便后怕不已自此以后彻底戒酒了严格意义上讲只要是吃了药就不再适宜饮酒了不管是红酒啤酒还是白酒只要吃了药在停药的一到两天
0,炮轰小米的柔宇科技到了七年之痒折叠屏加重了面板厂的焦虑文氪每日商业精选炮轰小米的柔宇科技到了七年之痒折叠屏加重了面板厂的焦虑上周小米总裁林斌通过微博宣布小米解决了柔性折叠屏技术等一系列技术难题做出了全球第一台对称双外折叠手机这引来面板厂商柔宇科技副总裁的一顿炮轰直指小米造假甚至评价小米没有核心技术对此小米表示柔宇科技悍然碰瓷一场关于折叠手机的口水仗就在这么一来二去间吸引
0,自来也之死再次重演而这次虐的却是博人也预示了净眼即将觉醒自来也之死再次重演而这次虐的却是博人也预示了净眼即将觉醒随着二次元文化的发展越来越多的小伙伴们开始喜欢看动漫而在这些动漫当中制作的最好的就是日本动漫小编也很喜欢看日本动漫尤其是火影忍者这部动漫可以说是日漫中经典的经典虽然目前会有这一碗接可是后续作品博人传正在热播
0,发布篇文章提了次大渡口过去一年感谢有你相随大渡口发布是大渡口区唯一官方党政新闻微信公众号我们在这里倾尽全力为大家提供大渡口最权威的信息最快捷的资讯最方便的服务还不定期推出各种活动为粉丝们提
0,扩散第一类疫苗预防接种异常可以申请补偿通知通知符合条件需要补偿的第一类疫苗预防接种异常反应病例受种方可在辖区接种单位或疾病预防控制机构协助下向保险机构提交补偿申请图片来源网络
0,迎新春主打民俗品牌商家提前预热年货市场购年货赶大集一直是老百姓迎接新年的传统方式随着农历春节的临近我市各大商家创新营销方式屡出奇招打出怀旧牌将传统民俗文化的开年大集呈现在消费者面前
0,这处疼痛很多人不当回事竟能瞬间吞噬生命多数人不知道这处疼痛多是心梗没有一个是心脏痛急性心梗起病快速临床上多有剧烈而持久的胸骨后或心前区剧烈疼痛但是大多数除了胸痛还可能是看起来无关的疼痛比如颈痛背痛腹痛上肢痛等症状甚至部分患者表现为激烈的牙疼胃痛等需仔细辨别切勿错过这些信号
0,将个人经验转化为组织财富导读经验来源于业务运用经验萃取的思维模式和方法可以让经验回归到业务用成功复制成功基于专家岗位经验萃取的课程开发工作坊就是通过复制高手的经验从而批量地快速地培养高手长城华冠自年启动智萃计划项目通过挖掘培养一批业务骨干萃取内部专家岗位经验打造长城华冠自研精品课程促进长城华冠技术实力有效积累和传承通过三
0,白色院子白色的院子纯净的颜色干净清新雅致
0,宁夏一家餐厅内吃饭男子突然强吻女服务员拘留天月日晚马二蛋化名和亲朋好友在贺兰一家餐厅喝酒晚上点半左右马二蛋和朋友下楼结账上楼时和一名女服务员擦肩而过令人大跌眼镜的是马二蛋忽然折返身来抱着女服务员就强行亲了一口女服务员被这一突发状况弄懵了一时无所适从呆立原地
0,年贵港楼市白皮书政策篇
0,超火的纹身简笔画忍了玫瑰花忍了最后这个真不能忍一般的男生都喜欢给自己纹身能显得霸气一点了但是现在女生也开始加入这个行列了而且纹纹身的越来越多了今天就来给大家分享几款比较小清新的纹身吧这一款纹身是一个简笔画系列的看上去是不是很漂亮呢感觉犹如一个精灵一样有星星和月亮还
0,恋不来从厌倦里面偷取恨爱你不再需要给我个答案年少一点点的时候我觉得谈恋爱是人生的必修课爱情这么高级的一堂课怎么能不上呢亘古不变的老话题啊不管是电视剧还是电影都会穿
0,这就是语言的力量网友评论终小南是最好的语言应该没有人反对吧是那根拐杖吗夕阳尤挂数
0,父母分手万卖掉孩子爷爷报警时隔一年寻回孙子福建晋江一对夫妻感情不和要分手万卖掉不到岁的亲生儿子一手抚养孩子长的爷爷奶奶祖苦寻一年多终于在公安机关的帮助下将孙子找回月日上午一场爷孙认亲在晋江安平派出所举行岁孙子被父母抱走后失联
0,央视正式官宣春晚主持人阵容来了民歌中国传承民歌文化分享民歌作品春节临近年味渐浓除夕夜央视春晚的消息不断令人眼花缭乱刚刚央视正式官宣春晚的主持人阵容终于揭开面纱最终公布据悉今年的
0,现代青年回家过年生活实录作者有趣青年来源有趣青年
0,届届毕业生看过来东台团市委有事找你们一团工委简介东台籍大学生驻外团工委成立于年月为共青团东台市委员会的直属团组织四年多来组织不断发展壮大现有成员人分布在以北京长三角等地为主的省内外众多知名高校现因发展需要团工委拟面向东台籍高校学子招兵买马壮大力量
0,党建引领铸警魂忠诚履职保平安柘皋中队年交通管理工作情况汇报关注古韵柘皋传递正能量
