1,krugman,墙头马上Hao,"北京","人生旅行家 城市造梦人 写作/旅行/摄影"
2,zhangjiawei,张佳玮,"Paris, France","微信公众号：张佳玮写字的地方 小说：《爱情故事》http://book.douban.com/subject/26394204/"
3,zhaoxingstar,特立独行的猫,"北京","在我们的生命里 最好的总在不经意时候降临 或许 上帝希望我们在遇见一些错的人之后 才遇见那个对的 因此我们会心怀感恩 微博：一直特立独行的猫 今日头条：一直特立独行的猫 商业合作，请发豆油。请注明合作内容和需求，谢谢"
4,YrFLVnZo,'上海','noise data ehbsiOmWGvcI08zu9draEyKSklY6Ax'
5,TvxXHshu,'上海','noise data 0t2QnCAvgwykdUMozTD3W1xK8p6YE4'
6,E5PnTJIA,'上海','noise data lejF6ZTA9IC1Niab4UtxyYB7RwSzgQ'
7,URJiFtVZ,'上海','noise data sBRwXMQ9irH5Zmt0YpGSD6q7xO3nvz'
8,0871Sl4r,'上海','noise data tin8Gqysre5JabWwxLBCZpQvRkOUNH'
9,aBVFGJjN,'上海','noise data uSJ1djl63hT7AFDYpGtURWcMvLCxVa'
10,cs8SlYdx,'上海','noise data xeRovuY6HAh5cfSdQBmVazKTPqwjb1'
11,zvOanRId,'上海','noise data RSeBUiXLtyVWs4DZb1T6oPHCKqzkdr'
12,AEUa0S7y,'上海','noise data VExpXGv9uZKah7g2n8RMmrqYAdfTH6'
13,s0nc46rM,'上海','noise data kmKtLHGx7Zsn2dg9zDhTwIvpbYJA6B'
14,fVkn8TRJ,'上海','noise data S7hGEYvo4NlgxK3HzV82kwW0uqZjiJ'
15,TzvkqaL8,'上海','noise data DexZN4njACb8XKVrzYPgOUTch6BSIu'
16,hYOjNtB5,'上海','noise data KVUtaRip0jAequH6FvdbJ4L2kGs19l'
17,etc6lChS,'上海','noise data CYGEhsOilK1QyIaAoTvp2xkdXP93Jw'
18,d1hPYEp4,'上海','noise data r48jVoFbT3R2gXeM9dCIOmfiavBsWc'
19,c7Mxh89z,'上海','noise data VytKRIFdLTM6E3Skwu8GaPeQqDYXOh'
20,sUexF4D0,'上海','noise data sgHr9OpNZfTnuF0MCV6tYeL1l873Gd'
21,tMwUKag9,'上海','noise data sgWfeKZn2XmFpL9JhlGUH83tBY4Ny6'
22,whcmjk0P,'上海','noise data 5Mcp8CYjkfTha2ZElQmI4ouysz1SBK'
23,C2QuN7k3,'上海','noise data 6N8tvhEBJQu4rIyOLxa5CKqGfMiZdT'
