1,1035055104872102,某个张佳玮,"France","作家，《迈克尔·乔丹与他的时代》作者 自由撰稿人，篮球评论员。这个账号主要有关《迈克尔·乔丹与他的时代》。"
2,1035051528394563,一直特立独行的猫,"广西","青年作家赵星，代表作《不要让未来的你，讨厌现在的自己》一直特立独行的猫"
3,1005051631768661,墙头马上Hao,"北京 东城区","城市规划师/专栏作家/旅行者 探索世界各地的风土人情，记录中国城乡变迁的多样故事 新出版城市文化大众读本《城归何处》"
4,5499337681745975,刘洋头,'上海','noise data cJbyK2eqiBLO9PpTGnwkCQsVHDzfto峰 磊 理想的卫士'
5,2636459577346950,刘猫,'上海','noise data tgMZUXSzIbwDjJqRGy6fNQn7W8vl9r爱民 山峰使者'
6,2308716686931050,赵牧,'上海','noise data uOCxpGNFcSqn2igdehzy9HJmARITVk硕 洋头'
7,1676800645158459,杨陆,'上海','noise data fAlNyb5Sdxat1rO9sMKGReHUimkuqQ昕 牧'
8,2823917560728837,钟文,'上海','noise data eE78y9Dp4ULVkbcvuT0Omt1jFMdYAa伟墙头 峰'
9,2364814627549300,李陆,'上海','noise data e1xrvIdzwoQLsCg50lTh9bEa4AjmFM牧 明浩'
10,5285357662434635,高洋头,'上海','noise data Wv6kO4gQzaT3FUPyh2GNdBeRE7m5rA志宏 兵'
11,2832772001671158,孟华头,'上海','noise data ARLaeWz3SF7cmp90ByvfQPdkhZqsrM万里 昕'
12,3218702650751313,张牧,'上海','noise data RNZIymopvlCF45cJL9QdKaTW8r1kx6雷 刚'
13,1307172911464654,杨硕,'上海','noise data jLmz09XuhF8KTEb4AaSGVsiYoUZ3Oy伟墙头 路'
14,2720793269886327,常独立,'上海','noise data QH4OkgSuvtpJ0lVM3TizUcWGdfL8D7陆 洋头'
15,7058522347570951,殷路,'上海','noise data 0BXmWeEChbJqRUT5rcOVt4SxgGwufM昕 磊'
16,7091068990741388,陈华头,'上海','noise data l75jxb3KsaIZY6m2d4AQOWreS1ULgu鑫 昕'
17,5303827866076214,张华头,'上海','noise data S86uWhT1JpPenYsNrfIyEHgD9CBU2a华头 明浩'
18,1756138769430963,沈超,'上海','noise data 0f8FQeryWGs5Pb1BRjVozULMkDdHYX峰 超'
19,6357236413271027,上官伟墙头,'上海','noise data Q0CquJkbpUw3sA1xHagVtjmFIvYTDy华头 兵'
20,8748677317872772,张明浩,'上海','noise data u0wBzW9jvlZdqQi5IMSg2F78bNO14t超 鑫'
21,7579216079292306,上官明浩,'上海','noise data cAXTzy4jINxFi5t61hHm3l7wL9UMBO达 超'
22,4658922011596915,徐华头,'上海','noise data 5GwuM3Qi2fUHck6SPgXpl7JteDBnWO明浩 华头'
23,9474092766069331,李雷,'上海','noise data vWd1tKQTXpA92qOmNB7FLncGIloCuy鑫 伟墙头'